85ab,1701764520351055,0.86622763,6.4614515,-0.066747062,22,1127
85ab,1701764520352092,0.8918156,6.4189577,-0.14253013,22,1128
85ab,1701764520353107,0.91636473,6.3946838,-0.18668051,22,1129
85ab,1701764520417503,1.0195563,6.4289474,-0.087429389,21,1130
85ab,1701764520517481,0.9876073,6.4479346,-0.053903498,20,1131
85ab,1701764520617583,0.94312084,6.4445667,-0.05445144,19,1132
85ab,1701764520717473,0.881806,6.4878764,0.047236446,17,1133
85ab,1701764520817522,0.87522882,6.481637,0.039779957,19,1134
85ab,1701764520917637,0.87534779,6.4433889,-0.058319226,22,1135
85ab,1701764521018304,0.887201,6.418891,-0.13045959,23,1136
85ab,1701764521117438,0.9046104,6.3916335,-0.17845552,22,1137
85ab,1701764521217538,0.90596056,6.3775826,-0.21848585,22,1138
85ab,1701764521317492,0.93947846,6.3523088,-0.24359211,21,1139
85ab,1701764521417600,0.95269161,6.3369455,-0.26040286,21,1140
85ab,1701764521517486,0.88909191,6.4019694,-0.12621114,17,1141
85ab,1701764521617544,1.0782791,6.4451866,0.10669719,44,1142
85ab,1701764521717508,0.99256158,6.4767818,0.14445475,17,1143
85ab,1701764521817556,0.96517056,6.5119843,0.19792895,18,1144
85ab,1701764521917525,1.0845447,6.5474267,0.31487447,34,1145
85ab,1701764522017516,0.99773777,6.527401,0.21507147,20,1146
85ab,1701764522117528,0.93252343,6.5439043,0.22361082,18,1147
85ab,1701764522217494,0.91832566,6.5193315,0.16602935,19,1148
85ab,1701764522317518,0.8854686,6.5055456,0.12093426,19,1149
85ab,1701764522417540,0.83927095,6.5328255,0.17664181,17,1150
85ab,1701764522517521,0.80715829,6.5564089,0.21370816,17,1151
85ab,1701764522617484,0.85110271,6.5295253,0.17457043,18,1152
85ab,1701764522717504,1.0300752,6.5484538,0.33817747,43,1153
85ab,1701764522817492,1.0154092,6.4884148,0.17053205,22,1154
85ab,1701764522917953,0.98111516,6.4830117,0.13019828,19,1155
85ab,1701764523017586,0.91782808,6.4866648,0.091600388,20,1156
85ab,1701764523117538,0.84484053,6.5194497,0.15138206,17,1157
85ab,1701764523217840,0.83845317,6.5099192,0.10408755,20,1158
85ab,1701764523317662,0.78600287,6.5482073,0.17267258,17,1159
85ab,1701764523417862,0.8025769,6.5146222,0.1250871,18,1160
85ab,1701764523518316,0.82156372,6.5119376,0.090649106,21,1161
85ab,1701764523617540,0.86162633,6.468987,-0.01102691,22,1162
85ab,1701764523717569,0.88140881,6.4181657,-0.088740215,20,1163
85ab,1701764523819035,0.8648836,6.4325638,-0.079793222,20,1164
85ab,1701764523917598,0.98234522,6.5035419,0.12508288,34,1165
85ab,1701764524017496,0.94546384,6.4952736,0.094787687,19,1166
85ab,1701764524117526,0.92185777,6.4977612,0.072918423,20,1167
85ab,1701764524217460,0.88827777,6.5395,0.15981252,18,1168
85ab,1701764524317498,0.87803781,6.5305963,0.11407154,21,1169
85ab,1701764524417487,0.85909182,6.5347047,0.077759117,22,1170
85ab,1701764524517551,0.89125323,6.4805388,-0.037929371,23,1171
85ab,1701764524617541,0.85093981,6.4735889,-0.037035204,19,1172
85ab,1701764524717510,0.82963586,6.52458,0.054789994,20,1173
85ab,1701764524817471,0.79857528,6.5428443,0.093300968,19,1174
85ab,1701764524917505,0.79616362,6.5618334,0.14054555,18,1175
85ab,1701764525017467,0.7775923,6.5688434,0.16045752,18,1176
85ab,1701764525117502,0.76926446,6.5811133,0.17222506,20,1177
85ab,1701764525217478,0.76562965,6.5875349,0.18110006,19,1178
85ab,1701764525317686,0.77107072,6.5944848,0.20012674,19,1179
85ab,1701764525417569,0.79099524,6.59816,0.22288555,18,1180
85ab,1701764525517351,0.80153269,6.6103697,0.23676479,20,1181
85ab,1701764525617352,0.94130027,6.6129212,0.32618421,29,1182
85ab,1701764525717495,0.8841995,6.6095147,0.29858628,19,1183
85ab,1701764525817461,0.84661639,6.5965629,0.27141073,18,1184
85ab,1701764525917507,0.80649561,6.5927119,0.26746887,17,1185
85ab,1701764526017478,0.81976265,6.5839119,0.27661651,16,1186
85ab,1701764526117508,0.80275637,6.5869937,0.2658467,18,1187
85ab,1701764526217490,0.75976986,6.580174,0.26899719,15,1188
85ab,1701764526317559,0.78764254,6.585526,0.28192928,18,1189
85ab,1701764526417498,0.78536791,6.5657988,0.26884398,16,1190
85ab,1701764526517556,0.80240208,6.5282574,0.17954996,19,1191
85ab,1701764526617490,0.78376406,6.53495,0.18678327,17,1192
85ab,1701764526717492,0.76420611,6.5360756,0.17632379,18,1193
85ab,1701764526817452,0.73669022,6.5340328,0.17407465,17,1194
85ab,1701764526917526,0.71190071,6.5310941,0.17772757,16,1195
85ab,1701764527017526,0.71591944,6.5379839,0.17403817,18,1196
85ab,1701764527117596,0.70850474,6.5476508,0.19838595,17,1197
85ab,1701764527217415,0.70360589,6.5586205,0.20251472,18,1198
85ab,1701764527317600,0.6683324,6.5529127,0.20714539,15,1199
85ab,1701764527417445,0.69402152,6.5491748,0.21303923,17,1200
85ab,1701764527517436,0.70659226,6.5488572,0.22230521,16,1201
85ab,1701764527617411,0.70443881,6.5548868,0.22568911,17,1202
85ab,1701764527717443,0.85250837,6.5632839,0.29319063,24,1203
85ab,1701764527817412,0.81460011,6.5541115,0.26761225,16,1204
85ab,1701764527917458,0.81702232,6.5251322,0.19014299,19,1205
85ab,1701764528017414,0.77331948,6.5421443,0.19417529,18,1206
85ab,1701764528117470,0.74509507,6.5549617,0.20216332,18,1207
85ab,1701764528217397,0.73069644,6.5551896,0.21184726,16,1208
85ab,1701764528317440,0.724765,6.5526114,0.21987051,16,1209
85ab,1701764528417617,0.86030948,6.55681,0.2809878,21,1210
85ab,1701764528517509,0.97868341,6.56361,0.34513992,26,1211
85ab,1701764528617454,0.90369064,6.5641236,0.32542041,16,1212
85ab,1701764528717930,0.85864818,6.567975,0.30968091,17,1213
85ab,1701764528817738,0.817769,6.5677552,0.29750282,16,1214
85ab,1701764528917761,0.77433735,6.5785661,0.28392398,18,1215
85ab,1701764529017521,0.7642585,6.574935,0.28262657,16,1216
85ab,1701764529117428,0.78661847,6.575675,0.28772017,17,1217
85ab,1701764529217414,0.77380317,6.5769362,0.27604675,18,1218
85ab,1701764529317440,0.76196635,6.5709109,0.27164769,16,1219
85ab,1701764529417432,0.7602216,6.5381961,0.18905982,19,1220
85ab,1701764529517426,0.8905012,6.5436525,0.26057521,58,1221
85ab,1701764529617394,0.99237281,6.5600352,0.3241716,24,1222
85ab,1701764529717547,0.94312507,6.5536056,0.28289405,18,1223
85ab,1701764529817433,0.88259828,6.5571203,0.24676988,19,1224
85ab,1701764529917509,0.83005148,6.5641952,0.24034616,18,1225
85ab,1701764530017436,0.93431193,6.564806,0.29905567,21,1226
85ab,1701764530117463,0.87187392,6.5633917,0.28662834,16,1227
85ab,1701764530217439,0.80360538,6.5657239,0.26335096,17,1228
85ab,1701764530317554,0.77304769,6.5670595,0.25036302,17,1229
85ab,1701764530417426,0.90575951,6.5708241,0.31174493,24,1230
85ab,1701764530517426,0.84024316,6.5654387,0.286253,17,1231
85ab,1701764530617400,0.85149324,6.542098,0.19854496,21,1232
85ab,1701764530717402,0.83774763,6.544735,0.19794495,18,1233
85ab,1701764530817395,0.81699204,6.5379539,0.2045725,16,1234
85ab,1701764530917387,0.79584533,6.550643,0.21558839,18,1235
85ab,1701764531017409,0.81912714,6.5596204,0.22896156,18,1236
85ab,1701764531117419,0.83934867,6.52159,0.13625419,20,1237
85ab,1701764531217372,0.83900529,6.53128,0.15320736,18,1238
85ab,1701764531317425,0.84203017,6.5327764,0.17202832,17,1239
85ab,1701764531417497,0.825518,6.5359378,0.16791463,18,1240
85ab,1701764531517410,0.79963237,6.5389934,0.19042388,16,1241
85ab,1701764531617403,0.78990692,6.5522418,0.20963888,18,1242
85ab,1701764531717410,0.8068971,6.5359678,0.14182529,21,1243
85ab,1701764531817384,0.80202127,6.5417037,0.17321645,17,1244
85ab,1701764531917418,0.80096525,6.5550909,0.20228088,18,1245
85ab,1701764532017390,0.78944933,6.5559812,0.1945477,18,1246
85ab,1701764532117405,0.78375304,6.5549059,0.19878763,17,1247
85ab,1701764532217380,0.76983035,6.5533905,0.18656203,18,1248
85ab,1701764532317412,0.7697714,6.5487809,0.19888586,16,1249
85ab,1701764532417375,0.76564258,6.543654,0.20210311,16,1250
85ab,1701764532517409,0.7543301,6.5556226,0.20768256,18,1251
85ab,1701764532617366,0.74211246,6.5493412,0.19615734,17,1252
85ab,1701764532717392,0.74787468,6.5515175,0.20082262,17,1253
85ab,1701764532817366,0.71702808,6.5582662,0.19425085,18,1254
85ab,1701764532917471,0.87895852,6.56727,0.25339189,23,1255
85ab,1701764533017390,0.8303076,6.568563,0.24056785,18,1256
85ab,1701764533117411,0.83885038,6.5583005,0.2354565,17,1257
85ab,1701764533217382,0.83597016,6.5384984,0.2435672,14,1258
85ab,1701764533317384,0.83455789,6.5367785,0.24454238,16,1259
85ab,1701764533417408,0.80676019,6.5449352,0.23824783,18,1260
85ab,1701764533517430,0.79002172,6.5514679,0.23599128,17,1261
85ab,1701764533617387,0.80647027,6.5547662,0.22562046,19,1262
85ab,1701764533717417,0.82155365,6.5202465,0.15826099,19,1263
85ab,1701764533817393,0.79175854,6.5285239,0.16770996,17,1264
85ab,1701764533917420,0.78473425,6.5445533,0.17904422,19,1265
85ab,1701764534017468,0.79168296,6.5391426,0.20261829,15,1266
85ab,1701764534117489,0.82491523,6.5108676,0.14549387,19,1267
85ab,1701764534217392,0.80401462,6.5267439,0.16889352,17,1268
85ab,1701764534317568,0.84093171,6.50212,0.095802,21,1269
85ab,1701764534417480,0.82706535,6.5078835,0.10121029,18,1270
85ab,1701764534518178,0.84326488,6.4820509,0.069042586,18,1271
85ab,1701764534617352,0.8346355,6.4951172,0.092669241,18,1272
85ab,1701764534717276,0.80044711,6.5132742,0.12123758,18,1273
85ab,1701764534817295,0.79723608,6.5195985,0.13989422,17,1274
85ab,1701764534917285,0.80457717,6.5140281,0.096515961,21,1275
85ab,1701764535017301,0.79147989,6.5210185,0.10705096,18,1276
85ab,1701764535117274,0.8061201,6.5275478,0.12668547,18,1277
85ab,1701764535217292,0.8176623,6.5141506,0.077298269,21,1278
85ab,1701764535317296,0.81389838,6.5115423,0.10493311,16,1279
85ab,1701764535417288,0.80218232,6.5164919,0.11755123,18,1280
85ab,1701764535517250,0.80013108,6.5013623,0.076792948,19,1281
85ab,1701764535617323,0.80145353,6.5042472,0.080398321,19,1282
85ab,1701764535717283,0.78005952,6.522471,0.11296368,18,1283
85ab,1701764535817306,0.77521837,6.5255089,0.13920075,17,1284
85ab,1701764535917367,0.81731457,6.5020914,0.0688234,21,1285
85ab,1701764536017317,0.79532212,6.5196791,0.10553741,18,1286
85ab,1701764536117315,0.7803992,6.53082,0.11400114,19,1287
85ab,1701764536217388,0.77398074,6.5368714,0.1397526,17,1288
85ab,1701764536317338,0.75458264,6.5601211,0.14390132,21,1289
85ab,1701764536417270,0.78111,6.5322461,0.11981643,18,1290
85ab,1701764536517399,0.77040976,6.5294209,0.14699565,16,1291
85ab,1701764536617391,0.78418285,6.5139866,0.12823388,18,1292
85ab,1701764536717313,0.8074531,6.4824681,0.047326911,21,1293
85ab,1701764536817320,0.80024052,6.5071573,0.085482627,19,1294
85ab,1701764536917389,0.77728111,6.5137682,0.1207749,16,1295
85ab,1701764537017323,0.75821525,6.5131645,0.12787464,17,1296
85ab,1701764537117368,0.75510764,6.531992,0.15540032,18,1297
85ab,1701764537217194,0.75166887,6.5286274,0.18284324,15,1298
85ab,1701764537317196,0.88613445,6.5405993,0.24654028,21,1299
85ab,1701764537417366,0.8206746,6.5433068,0.24457806,16,1300
85ab,1701764537517220,0.76645213,6.5508323,0.24317066,17,1301
85ab,1701764537617290,0.76390725,6.5587711,0.24925344,17,1302
85ab,1701764537717341,0.71314818,6.5557084,0.23911794,16,1303
85ab,1701764537817215,0.698019,6.5656242,0.2192035,19,1304
85ab,1701764537917236,0.74804884,6.5530133,0.22454406,16,1305
85ab,1701764538017332,0.7183345,6.55718,0.22014262,17,1306
85ab,1701764538117276,0.72959083,6.5173893,0.14713049,18,1307
85ab,1701764538217246,0.7631982,6.4999437,0.096211821,20,1308
85ab,1701764538317365,0.77155513,6.5141959,0.11723059,18,1309
85ab,1701764538417300,0.75156742,6.5072055,0.056650192,21,1310
85ab,1701764538517290,0.73362929,6.5082235,0.091936328,16,1311
85ab,1701764538617351,0.69306391,6.5173182,0.11694586,16,1312
85ab,1701764538717286,0.70215493,6.5308523,0.13046826,19,1313
85ab,1701764538817311,0.697322,6.5426879,0.14181133,18,1314
85ab,1701764538917430,0.71609509,6.5146971,0.08721976,19,1315
85ab,1701764539017306,0.71721953,6.5251575,0.10072178,19,1316
85ab,1701764539117272,0.85254484,6.5334582,0.18953863,21,1317
85ab,1701764539218766,0.8440913,6.5453129,0.19179742,19,1318
85ab,1701764539317518,0.82955641,6.5547895,0.19937716,18,1319
85ab,1701764539417379,0.81300724,6.5261159,0.12922971,19,1320
85ab,1701764539517341,0.76290292,6.5319748,0.15096886,16,1321
85ab,1701764539617576,0.892707,6.5527587,0.23218529,23,1322
85ab,1701764539717387,0.89333683,6.521781,0.16365661,19,1323
85ab,1701764539817344,0.87756747,6.5325141,0.186781,17,1324
85ab,1701764539917458,0.81947058,6.5480313,0.18933141,18,1325
85ab,1701764540017374,0.77362865,6.5526161,0.19188422,17,1326
85ab,1701764540117409,0.770407,6.5585909,0.19265053,18,1327
85ab,1701764540217439,0.74035597,6.5520887,0.18581972,17,1328
85ab,1701764540317366,0.71441436,6.5564094,0.17066786,19,1329
85ab,1701764540417430,0.7239514,6.5251741,0.092454724,20,1330
85ab,1701764540517268,0.71917218,6.5180292,0.042137977,21,1331
85ab,1701764540617206,0.73034275,6.5223174,0.076275587,17,1332
85ab,1701764540717279,0.86442637,6.5371251,0.16707666,21,1333
85ab,1701764540817520,0.85292953,6.5378261,0.19202824,16,1334
85ab,1701764540917295,0.79581922,6.5421262,0.18872689,17,1335
85ab,1701764541017247,0.93590885,6.5651021,0.27154019,26,1336
85ab,1701764541117238,0.90213877,6.5742621,0.28105065,17,1337
85ab,1701764541217198,0.87977409,6.574069,0.26527643,18,1338
85ab,1701764541317194,0.96420407,6.5892005,0.319756,21,1339
85ab,1701764541417231,0.88646477,6.5911608,0.30557066,17,1340
85ab,1701764541517172,0.978657,6.5945358,0.35565117,23,1341
85ab,1701764541617280,0.91745347,6.5926075,0.32410419,18,1342
85ab,1701764541717280,1.0335982,6.5893378,0.39027861,29,1343
85ab,1701764541817251,0.94668514,6.5871835,0.34917611,18,1344
85ab,1701764541917335,1.0451766,6.5962672,0.40118557,27,1345
85ab,1701764542017349,0.92867774,6.5896826,0.35307729,17,1346
85ab,1701764542117305,0.85128415,6.5982575,0.33689314,18,1347
85ab,1701764542217281,0.84491354,6.5922866,0.31964982,17,1348
85ab,1701764542317332,0.80064088,6.5952177,0.29016215,19,1349
85ab,1701764542417265,0.91857928,6.5938816,0.33489817,22,1350
85ab,1701764542517288,0.8446424,6.594224,0.30996072,18,1351
85ab,1701764542617309,0.82261795,6.6008425,0.30897319,18,1352
85ab,1701764542717366,0.92709988,6.5869684,0.36044255,22,1353
85ab,1701764542817237,0.98768836,6.5866895,0.38515016,18,1354
85ab,1701764542917344,0.90476996,6.5837264,0.34962675,17,1355
85ab,1701764543017341,1.0012773,6.5920873,0.39225173,24,1356
85ab,1701764543117216,0.89679605,6.6000614,0.36390296,18,1357
85ab,1701764543217426,0.99714607,6.6008849,0.41330034,26,1358
85ab,1701764543317340,1.0809451,6.6019058,0.45738265,28,1359
85ab,1701764543417395,0.96124768,6.605722,0.39830223,18,1360
85ab,1701764543517312,0.89916188,6.5944715,0.34320968,18,1361
85ab,1701764543617257,0.82971418,6.5903773,0.31809539,17,1362
85ab,1701764543717235,0.92318475,6.58817,0.33929169,18,1363
85ab,1701764543817323,0.85895866,6.5807176,0.30434504,17,1364
85ab,1701764543917241,0.80219615,6.5714679,0.29006472,16,1365
85ab,1701764544017206,0.77019858,6.5794024,0.28207615,18,1366
85ab,1701764544117295,0.75215757,6.5689878,0.24608728,18,1367
85ab,1701764544217276,0.73644477,6.5783525,0.25256017,18,1368
85ab,1701764544317350,0.87625951,6.5751305,0.32284683,25,1369
85ab,1701764544417665,0.82379884,6.5804672,0.29772475,18,1370
85ab,1701764544517342,0.79273158,6.5900049,0.28286079,19,1371
85ab,1701764544617301,0.78251934,6.5893741,0.28219536,17,1372
85ab,1701764544717333,0.77669281,6.5974555,0.27456307,19,1373
85ab,1701764544817532,0.78307629,6.5933814,0.27932549,17,1374
85ab,1701764544917429,0.76703459,6.5780959,0.26953387,16,1375
85ab,1701764545017339,0.77840692,6.5854578,0.27024084,18,1376
85ab,1701764545117474,0.75940138,6.5892663,0.25329208,19,1377
85ab,1701764545217382,0.76491618,6.5761766,0.25487292,16,1378
85ab,1701764545317284,0.770542,6.5836592,0.25962058,18,1379
85ab,1701764545417389,0.77141994,6.5798154,0.25997645,17,1380
85ab,1701764545517980,0.75905877,6.5942435,0.2555151,19,1381
85ab,1701764545617215,0.73176938,6.5920949,0.24900505,17,1382
85ab,1701764545717327,0.731917,6.5876646,0.24581368,17,1383
85ab,1701764545817266,0.71775991,6.5731459,0.22882621,17,1384
85ab,1701764545917247,0.731088,6.578505,0.23041447,18,1385
85ab,1701764546017432,0.73997295,6.5871773,0.22669193,19,1386
85ab,1701764546117330,0.7662043,6.5930882,0.24345642,18,1387
85ab,1701764546217225,0.75002533,6.6074729,0.25467786,19,1388
85ab,1701764546317332,0.7515865,6.5926852,0.24069604,17,1389
85ab,1701764546417544,0.7497775,6.5956311,0.24419755,18,1390
85ab,1701764546517362,0.75918555,6.5945392,0.24095419,18,1391
85ab,1701764546617272,0.76550108,6.5982003,0.24753629,18,1392
85ab,1701764546717214,0.77910084,6.5856266,0.25464112,16,1393
85ab,1701764546817190,0.76217395,6.5763,0.2371773,17,1394
85ab,1701764546917208,0.73747391,6.5692015,0.23424992,16,1395
85ab,1701764547017212,0.77161747,6.5432649,0.16397727,20,1396
85ab,1701764547117252,0.7603271,6.547997,0.18714391,17,1397
85ab,1701764547217218,0.75035483,6.5577645,0.20040058,18,1398
85ab,1701764547317208,0.78605646,6.5616245,0.23012185,17,1399
85ab,1701764547417202,0.76553077,6.5581946,0.23194975,16,1400
85ab,1701764547517278,0.75317723,6.5549827,0.24313343,16,1401
85ab,1701764547617270,0.76507449,6.5654564,0.25617003,18,1402
85ab,1701764547717334,0.74944472,6.5673933,0.25515825,17,1403
85ab,1701764547817296,0.72834665,6.5680823,0.25299755,17,1404
85ab,1701764547917576,0.71590686,6.5756431,0.25109267,18,1405
85ab,1701764548017340,0.70322645,6.584888,0.25178641,18,1406
85ab,1701764548117303,0.70414907,6.5818462,0.24475613,17,1407
85ab,1701764548217276,0.86651129,6.58678,0.32757619,28,1408
85ab,1701764548317239,0.97659546,6.5857325,0.37858486,25,1409
85ab,1701764548417294,0.92893493,6.5877042,0.35408515,18,1410
85ab,1701764548517303,0.86935961,6.5848951,0.33002779,17,1411
85ab,1701764548617250,0.83325309,6.5733147,0.29147506,17,1412
85ab,1701764548717390,0.81552279,6.5771403,0.26194134,19,1413
85ab,1701764548817268,0.80486345,6.5825515,0.27656713,17,1414
85ab,1701764548917250,0.80531621,6.5843129,0.26570392,18,1415
85ab,1701764549017380,0.80933255,6.5889926,0.27215114,18,1416
85ab,1701764549117268,0.78374207,6.5814719,0.264417,17,1417
85ab,1701764549217219,0.780085,6.5693111,0.22474736,19,1418
85ab,1701764549317292,0.74411225,6.5662994,0.22258238,17,1419
85ab,1701764549417538,0.74919116,6.5568876,0.19695328,18,1420
85ab,1701764549517312,0.76456708,6.557631,0.17876658,19,1421
85ab,1701764549618016,0.775375,6.5624776,0.16287062,20,1422
85ab,1701764549717312,0.75975555,6.5599351,0.17823982,17,1423
85ab,1701764549817325,0.7575568,6.5415807,0.16478208,17,1424
85ab,1701764549917338,0.72761232,6.5416474,0.18093641,16,1425
85ab,1701764550017322,0.72018892,6.5494156,0.19093983,17,1426
85ab,1701764550117310,0.71201682,6.5663066,0.20069999,19,1427
85ab,1701764550217348,0.70777065,6.5817466,0.20936866,19,1428
85ab,1701764550317363,0.70754921,6.5747275,0.21009801,17,1429
85ab,1701764550417325,0.70288932,6.5777512,0.21150582,18,1430
85ab,1701764550517287,0.69788522,6.5883245,0.19342886,20,1431
85ab,1701764550617316,0.69829637,6.5829635,0.20692208,17,1432
85ab,1701764550717268,0.71723568,6.5781217,0.22067487,17,1433
85ab,1701764550817269,0.73469591,6.544311,0.13931391,20,1434
85ab,1701764550917769,0.73074931,6.5471373,0.16337243,17,1435
85ab,1701764551017270,0.71164322,6.5578842,0.17630392,18,1436
85ab,1701764551117221,0.71497917,6.5628867,0.19678599,17,1437
85ab,1701764551217214,0.69792074,6.5704603,0.19946934,18,1438
85ab,1701764551317317,0.70353276,6.56267,0.20065653,17,1439
85ab,1701764551417231,0.68571305,6.5636625,0.20380725,17,0
85ab,1701764551517280,0.69513369,6.5675144,0.21099621,18,1
85ab,1701764551617238,0.69471979,6.57829,0.21521264,19,2
85ab,1701764551717235,0.69590378,6.5718632,0.22019947,16,3
85ab,1701764551817334,0.6884864,6.5706735,0.20719469,18,4
85ab,1701764551917353,0.69424891,6.5724788,0.21890116,17,5
85ab,1701764552017252,0.71761483,6.5639019,0.20939921,18,6
85ab,1701764552117370,0.71197385,6.552248,0.19112392,17,7
85ab,1701764552217302,0.67995846,6.5602417,0.19885914,17,8
85ab,1701764552317273,0.67809433,6.5736561,0.2069051,19,9
85ab,1701764552417700,0.67289281,6.5734224,0.20746857,17,10
85ab,1701764552517270,0.67652619,6.5771856,0.21059132,18,11
85ab,1701764552617364,0.68150359,6.5858989,0.21259165,19,12
85ab,1701764552717405,0.69649053,6.5873356,0.19975536,19,13
85ab,1701764552817280,0.70622778,6.5805888,0.192299,18,14
85ab,1701764552917359,0.72837055,6.5814443,0.21179552,17,15
85ab,1701764553017394,0.71246606,6.5804548,0.19415097,19,16
85ab,1701764553117266,0.69042331,6.582571,0.20354572,17,17
85ab,1701764553217366,0.68663961,6.5669885,0.19759345,16,18
85ab,1701764553317437,0.69023013,6.5607033,0.21012224,16,19
85ab,1701764553417209,0.67494863,6.5675812,0.20479541,18,20
85ab,1701764553517373,0.71124524,6.5529914,0.20937379,16,21
85ab,1701764553617396,0.71844524,6.575386,0.2262744,19,22
85ab,1701764553717206,0.73049772,6.5803027,0.2356316,18,23
85ab,1701764553817226,0.84100693,6.5937347,0.2788873,60,24
85ab,1701764553919012,0.82241893,6.5893655,0.27594349,17,25
85ab,1701764554017255,0.82036132,6.5826254,0.26083004,18,26
85ab,1701764554117258,0.80804068,6.573945,0.26035774,16,27
85ab,1701764554217273,0.76624089,6.5756969,0.25221816,17,28
85ab,1701764554317232,0.765222,6.573432,0.25225055,17,29
85ab,1701764554417228,0.74164993,6.5698018,0.24680941,17,30
85ab,1701764554517307,0.75052023,6.5699382,0.2593452,16,31
85ab,1701764554618724,0.7660355,6.5876908,0.26878437,19,32
85ab,1701764554717299,0.77211666,6.5926538,0.26773235,18,33
85ab,1701764554817262,0.78590333,6.5983744,0.27240387,18,34
85ab,1701764554917267,0.75569057,6.5913181,0.26593179,17,35
85ab,1701764555017257,0.78719157,6.5803189,0.26659745,17,36
85ab,1701764555117282,0.77795726,6.5858903,0.25918606,18,37
85ab,1701764555217186,0.75945634,6.585773,0.25199312,18,38
85ab,1701764555317293,0.75681275,6.5916724,0.25657907,18,39
85ab,1701764555421046,0.76225674,6.6012216,0.2629081,19,40
85ab,1701764555517280,0.79754871,6.5878925,0.27413788,16,41
85ab,1701764555617199,0.76332927,6.5811663,0.27107096,16,42
85ab,1701764555717236,0.74662292,6.5760136,0.26397875,17,43
85ab,1701764555819240,0.727332,6.5698085,0.25711077,16,44
85ab,1701764555917442,0.7368111,6.5777521,0.26336998,18,45
85ab,1701764556017240,0.75574058,6.5875049,0.26144654,19,46
85ab,1701764556117181,0.74953884,6.5730009,0.26222411,15,47
85ab,1701764556217230,0.74974042,6.5746326,0.26444817,17,48
85ab,1701764556317328,0.72291476,6.5852671,0.25629851,18,49
85ab,1701764556417173,0.74605519,6.5924249,0.26156795,19,50
85ab,1701764556518569,0.73702347,6.585566,0.25392586,17,51
85ab,1701764556617213,0.74924457,6.5851173,0.25348276,18,52
85ab,1701764556717172,0.74576813,6.5861621,0.23876196,19,53
85ab,1701764556817244,0.73154283,6.5815578,0.23014055,18,54
85ab,1701764556917216,0.71901649,6.5836992,0.22832209,18,55
85ab,1701764557017401,0.70927578,6.5857711,0.23173252,18,56
85ab,1701764557117163,0.69893038,6.5786448,0.23003957,17,57
85ab,1701764557217196,0.71213126,6.5735736,0.22888575,17,58
85ab,1701764557317276,0.71269494,6.5819483,0.22415389,19,59
85ab,1701764557417151,0.69884324,6.5843434,0.21956638,18,60
85ab,1701764557517194,0.70647305,6.5779195,0.22298512,17,61
85ab,1701764557617266,0.71967089,6.5818448,0.23511834,18,62
85ab,1701764557717156,0.71052659,6.5883188,0.23761059,18,63
85ab,1701764557817189,0.731223,6.5852447,0.24349713,17,64
85ab,1701764557917278,0.72852671,6.5939479,0.24125165,19,65
85ab,1701764558017139,0.7421397,6.5794082,0.25234294,15,66
85ab,1701764558117134,0.74828553,6.5688725,0.23907541,17,67
85ab,1701764558217204,0.75546825,6.5796032,0.23660849,19,68
85ab,1701764558317115,0.75975949,6.5757236,0.22898412,18,69
85ab,1701764558417118,0.75924563,6.573452,0.23445626,17,70
85ab,1701764558517192,0.757779,6.5772438,0.21846394,19,71
85ab,1701764558617141,0.75961763,6.5666709,0.22244258,16,72
85ab,1701764558717102,0.78978854,6.5762854,0.22862506,19,73
85ab,1701764558817094,0.77620125,6.5676055,0.21483785,18,74
85ab,1701764558917106,0.8050971,6.5822582,0.23205963,19,75
85ab,1701764559017066,0.79622149,6.5762839,0.23186377,17,76
85ab,1701764559117152,0.79771262,6.5797439,0.23931807,18,77
85ab,1701764559217164,0.79624319,6.5628672,0.24910094,15,78
85ab,1701764559317124,0.79032892,6.5550551,0.24369039,16,79
85ab,1701764559417148,0.81169915,6.5605769,0.24919696,18,80
85ab,1701764559517125,0.80005771,6.57533,0.24164243,19,81
85ab,1701764559617139,0.80391222,6.5872812,0.24640772,19,82
85ab,1701764559717112,0.79161435,6.5934711,0.24400657,19,83
85ab,1701764559817116,0.78685552,6.60171,0.24684249,19,84
85ab,1701764559917098,0.76498568,6.585773,0.23715624,17,85
85ab,1701764560017152,0.75164747,6.57917,0.24599724,16,86
85ab,1701764560117142,0.75576729,6.5886226,0.24835122,19,87
85ab,1701764560217102,0.75106186,6.5969391,0.25110242,19,88
85ab,1701764560317148,0.75198442,6.5913587,0.25293651,17,89
85ab,1701764560417151,0.76750046,6.5925131,0.24960546,19,90
85ab,1701764560517197,0.79163539,6.5871511,0.25534263,17,91
85ab,1701764560617179,0.78354263,6.5934768,0.25856677,18,92
85ab,1701764560717012,0.78821367,6.5974503,0.26606455,18,93
85ab,1701764560817131,0.77053314,6.6051044,0.2601079,19,94
85ab,1701764560917142,0.74266785,6.6049938,0.25597391,18,95
85ab,1701764561017300,0.75236976,6.6032753,0.25777018,18,96
85ab,1701764561117085,0.76741266,6.6126561,0.2638258,19,97
85ab,1701764561217089,0.74326026,6.60613,0.24678597,18,98
85ab,1701764561317111,0.70032179,6.6048942,0.23420262,18,99
85ab,1701764561417152,0.69004542,6.6013522,0.24087638,17,100
85ab,1701764561517131,0.72729093,6.5958962,0.2562218,17,101
85ab,1701764561617123,0.73229235,6.5878215,0.25543013,17,102
85ab,1701764561716971,0.74162883,6.5900388,0.25893134,18,103
85ab,1701764561817092,0.73520958,6.5951829,0.25287157,19,104
85ab,1701764561917004,0.74454743,6.5957966,0.24718663,19,105
85ab,1701764562017063,0.73927236,6.5916758,0.24726537,17,106
85ab,1701764562117006,0.74573642,6.5810771,0.24710383,17,107
85ab,1701764562217010,0.74499893,6.5824461,0.23967205,18,108
85ab,1701764562317014,0.74108672,6.57283,0.23127386,17,109
85ab,1701764562417084,0.76375276,6.5797954,0.23473139,19,110
85ab,1701764562517006,0.7685644,6.574358,0.23123331,17,111
85ab,1701764562617070,0.75651562,6.5727043,0.22686456,18,112
85ab,1701764562717000,0.76722586,6.5787916,0.22244211,19,113
85ab,1701764562817009,0.76373953,6.5887485,0.23063681,19,114
85ab,1701764562916990,0.78005403,6.585269,0.22631687,18,115
85ab,1701764563017099,0.79226536,6.5803924,0.22727667,18,116
85ab,1701764563117064,0.78510952,6.5776458,0.2285195,18,117
85ab,1701764563217131,0.76865441,6.5725751,0.2003521,19,118
85ab,1701764563316998,0.751342,6.5769,0.20360121,18,119
85ab,1701764563417090,0.77224118,6.5653987,0.20740889,17,120
85ab,1701764563517104,0.76973027,6.553782,0.20969683,16,121
85ab,1701764563617007,0.77721906,6.5572529,0.19959635,19,122
85ab,1701764563716984,0.77235961,6.5687237,0.19579144,20,123
85ab,1701764563816995,0.78773552,6.5593781,0.19130605,18,124
85ab,1701764563916984,0.80446637,6.543323,0.18911633,17,125
85ab,1701764564016993,0.79355288,6.54448,0.18815169,18,126
85ab,1701764564117066,0.78867775,6.5538216,0.19821562,18,127
85ab,1701764564217004,0.79397112,6.5582294,0.19796114,19,128
85ab,1701764564316982,0.78791684,6.5615354,0.19441484,19,129
85ab,1701764564416999,0.79302114,6.549202,0.19913574,16,130
85ab,1701764564517091,0.79346812,6.5648503,0.20816201,19,131
85ab,1701764564616991,0.80268139,6.5682659,0.21572749,18,132
85ab,1701764564716968,0.7963562,6.55989,0.20382312,18,133
85ab,1701764564816994,0.80445981,6.5603375,0.21818261,17,134
85ab,1701764564916982,0.77065969,6.5611863,0.20357478,18,135
85ab,1701764565017004,0.76742679,6.5646815,0.20373645,18,136
85ab,1701764565116980,0.784684,6.5687304,0.20400745,19,137
85ab,1701764565216985,0.778768,6.5633316,0.19186875,18,138
85ab,1701764565316985,0.79779553,6.5625858,0.18252383,19,139
85ab,1701764565417004,0.81466603,6.5428357,0.17902377,17,140
85ab,1701764565516967,0.80896372,6.5502372,0.19330224,18,141
85ab,1701764565616964,0.79651737,6.5597315,0.2018189,18,142
85ab,1701764565716971,0.77712888,6.5693288,0.21204978,18,143
85ab,1701764565817093,0.7867716,6.5742393,0.21057689,19,144
85ab,1701764565916974,0.772042,6.5859919,0.21087556,19,145
85ab,1701764566017094,0.77478135,6.5931396,0.2108365,20,146
85ab,1701764566117076,0.781636,6.5970378,0.2189616,19,147
85ab,1701764566216953,0.78310609,6.5895543,0.21559243,18,148
85ab,1701764566316952,0.76707041,6.604691,0.22026667,20,149
85ab,1701764566417221,0.79434592,6.5869904,0.22227715,17,150
85ab,1701764566517203,0.78854132,6.5769906,0.2201778,17,151
85ab,1701764566617226,0.80119628,6.5668163,0.22756524,17,152
85ab,1701764566716974,0.80479968,6.5689039,0.22660227,18,153
85ab,1701764566817075,0.78181958,6.575181,0.21667419,19,154
85ab,1701764566917188,0.7928592,6.5630345,0.22043429,16,155
85ab,1701764567017148,0.79640836,6.5447087,0.21341026,16,156
85ab,1701764567117276,0.806074,6.543499,0.21053207,18,157
85ab,1701764567217182,0.8099426,6.5462976,0.21404503,18,158
85ab,1701764567317189,0.80504829,6.5509014,0.22105989,17,159
85ab,1701764567417000,0.788737,6.5523496,0.22002369,17,160
85ab,1701764567517828,0.78952807,6.562005,0.21945174,19,161
85ab,1701764567617164,0.79232323,6.5776997,0.22965242,19,162
85ab,1701764567717202,0.78516829,6.5778236,0.22239156,18,163
85ab,1701764567817184,0.87481213,6.5733728,0.26584661,59,164
85ab,1701764567917180,0.8492493,6.5735559,0.25796914,18,165
85ab,1701764568017245,0.82306319,6.571332,0.23272544,19,166
85ab,1701764568117241,0.82603204,6.57768,0.22618082,19,167
85ab,1701764568217193,0.83233404,6.5745234,0.22162785,18,168
85ab,1701764568317268,0.82482421,6.5629606,0.22325189,16,169
85ab,1701764568417253,0.82214493,6.5676074,0.22420685,18,170
85ab,1701764568517227,0.819832,6.5618458,0.21645929,18,171
85ab,1701764568617258,0.81771672,6.5709009,0.20934552,20,172
85ab,1701764568717214,0.8057071,6.5652561,0.20778552,17,173
85ab,1701764568817144,0.81223553,6.5681524,0.21439189,18,174
85ab,1701764568917188,0.8113234,6.5633254,0.20474459,18,175
85ab,1701764569017180,0.8302663,6.5540404,0.19930223,18,176
85ab,1701764569117199,0.81065255,6.564703,0.21535072,18,177
85ab,1701764569217167,0.82627475,6.5637074,0.21954326,18,178
85ab,1701764569317158,0.80876273,6.5707231,0.2273571,18,179
85ab,1701764569417172,0.76900065,6.5743341,0.22048616,18,180
85ab,1701764569517162,0.75723928,6.580267,0.20515405,20,181
85ab,1701764569617139,0.79276669,6.5696068,0.21937922,17,182
85ab,1701764569717148,0.78034514,6.5675168,0.20133579,19,183
85ab,1701764569817157,0.79942703,6.5762887,0.21955627,18,184
85ab,1701764569917176,0.81046444,6.5709729,0.2265781,17,185
85ab,1701764570018631,0.79727435,6.568717,0.2328739,17,186
85ab,1701764570117138,0.76946294,6.5682578,0.23549126,17,187
85ab,1701764570217144,0.74894619,6.5564775,0.21616225,17,188
85ab,1701764570317149,0.74703783,6.5609517,0.2218948,17,189
85ab,1701764570417182,0.74187815,6.439693,0.26387948,68,190
85ab,1701764570517202,0.72638083,6.4847288,0.24978185,19,191
85ab,1701764570617156,0.75828719,6.5064983,0.24433787,18,192
85ab,1701764570717222,0.76644552,6.5205059,0.22131908,19,193
85ab,1701764570817176,0.77539313,6.530726,0.22517557,17,194
85ab,1701764570917732,0.7654525,6.5308795,0.20527481,18,195
85ab,1701764571017162,0.74140733,6.531064,0.20285808,16,196
85ab,1701764571117190,0.71256733,6.3968873,0.24417648,69,197
85ab,1701764571217153,0.71341348,6.4327168,0.24504259,16,198
85ab,1701764571317174,0.730873,6.453228,0.22980574,17,199
85ab,1701764571417188,0.72375095,6.4877367,0.22337161,18,200
85ab,1701764571517124,0.75935704,6.5053649,0.2161334,19,201
85ab,1701764571617170,0.76982254,6.5228696,0.20295082,19,202
85ab,1701764571717127,0.75674891,6.5239263,0.19118378,17,203
85ab,1701764571817174,0.76404124,6.5341229,0.20353441,17,204
85ab,1701764571917179,0.77962029,6.5366287,0.19835806,18,205
85ab,1701764572017193,0.79012752,6.5422297,0.20092854,18,206
85ab,1701764572117297,0.81270194,6.5437527,0.21128817,17,207
85ab,1701764572217167,0.80155218,6.558403,0.21542601,19,208
85ab,1701764572317284,0.78616804,6.5494056,0.20248698,17,209
85ab,1701764572417567,0.76222485,6.5524745,0.20581248,17,210
85ab,1701764572517224,0.77074379,6.5480938,0.215587,16,211
85ab,1701764572617216,0.77860439,6.5503864,0.22864294,17,212
85ab,1701764572717104,0.75355476,6.5505233,0.22754534,17,213
85ab,1701764572817117,0.76543564,6.539248,0.21866189,16,214
85ab,1701764572917127,0.77019042,6.5295978,0.2247387,15,215
85ab,1701764573016963,0.78923935,6.5518012,0.23673835,19,216
85ab,1701764573117120,0.77839506,6.5442367,0.22522889,17,217
85ab,1701764573217133,0.77733171,6.545258,0.22006518,17,218
85ab,1701764573317139,0.80036372,6.5369763,0.20987129,17,219
85ab,1701764573417170,0.79267311,6.5542073,0.22059649,18,220
85ab,1701764573517649,0.78430814,6.5534539,0.23154439,16,221
85ab,1701764573616946,0.76682472,6.5479951,0.22588292,16,222
85ab,1701764573717148,0.74621874,6.5459785,0.2252088,16,223
85ab,1701764573817152,0.75762278,6.5515547,0.23569018,17,224
85ab,1701764573917102,0.75429285,6.5633488,0.22571495,19,225
85ab,1701764574017195,0.73416829,6.5694938,0.21588293,18,226
85ab,1701764574117182,0.73147511,6.5777717,0.21901515,18,227
85ab,1701764574216988,0.7587961,6.57393,0.22049306,18,228
85ab,1701764574317175,0.72939146,6.568449,0.2125676,17,229
85ab,1701764574417133,0.72527856,6.5726919,0.21771584,18,230
85ab,1701764574517094,0.68794572,6.5715256,0.21045773,17,231
85ab,1701764574617113,0.69045389,6.5730615,0.2165882,17,232
85ab,1701764574717088,0.67722338,6.5638695,0.20891462,17,233
85ab,1701764574816945,0.71216422,6.5605645,0.22021131,17,234
85ab,1701764574916996,0.71234751,6.5678916,0.2195159,18,235
85ab,1701764575017102,0.69116449,6.5604868,0.21529064,16,236
85ab,1701764575116996,0.71230835,6.5464029,0.20994022,16,237
85ab,1701764575217003,0.70269924,6.5505409,0.19033465,19,238
85ab,1701764575317012,0.70936882,6.5641112,0.18778931,19,239
85ab,1701764575417165,0.72070462,6.56896,0.19753012,18,240
85ab,1701764575517194,0.73406386,6.5661469,0.19884415,18,241
85ab,1701764575617112,0.740344,6.5717287,0.20971876,18,242
85ab,1701764575717155,0.74058175,6.5770278,0.21248195,18,243
85ab,1701764575817134,0.74746215,6.5775385,0.22111021,18,244
85ab,1701764575917008,0.74890369,6.5746737,0.22069459,18,245
85ab,1701764576017686,0.74289238,6.5694232,0.21997008,17,246
85ab,1701764576116982,0.7350176,6.5759106,0.20904854,19,247
85ab,1701764576217006,0.736617,6.5850463,0.2223807,18,248
85ab,1701764576317185,0.74042761,6.5734277,0.21283703,17,249
85ab,1701764576416961,0.76178026,6.5689044,0.22371706,17,250
85ab,1701764576517156,0.77190888,6.5810881,0.22072406,20,251
85ab,1701764576617161,0.77058858,6.5796852,0.22106495,18,252
85ab,1701764576716980,0.75805092,6.5686479,0.22829339,16,253
85ab,1701764576817192,0.75423485,6.5790191,0.22455,19,254
85ab,1701764576917203,0.73004639,6.5775657,0.22811806,17,255
85ab,1701764577016927,0.73472387,6.5653276,0.22741123,16,256
85ab,1701764577117192,0.71836472,6.5542803,0.20881967,17,257
85ab,1701764577217167,0.71400756,6.56872,0.21160017,19,258
85ab,1701764577316968,0.70623511,6.5666151,0.21464597,17,259
85ab,1701764577417105,0.74167371,6.5754805,0.2211501,19,260
85ab,1701764577517107,0.76201946,6.5698638,0.22095855,18,261
85ab,1701764577616992,0.78246069,6.560122,0.22122368,17,262
85ab,1701764577717015,0.77479422,6.5583444,0.21502279,18,263
85ab,1701764577816995,0.80858254,6.5690331,0.21591197,20,264
85ab,1701764577917637,0.79549325,6.5569263,0.21675844,16,265
85ab,1701764578017109,0.79873228,6.5514903,0.21094863,17,266
85ab,1701764578117005,0.80955368,6.5634418,0.22301209,19,267
85ab,1701764578216976,0.78239036,6.5599918,0.21012464,18,268
85ab,1701764578317009,0.76913029,6.5689154,0.20674582,19,269
85ab,1701764578416993,0.76964504,6.5762897,0.20243756,19,270
85ab,1701764578517786,0.7763027,6.5777469,0.21457538,18,271
85ab,1701764578616997,0.76761365,6.5658288,0.20033845,17,272
85ab,1701764578717088,0.76591331,6.5508327,0.19867803,16,273
85ab,1701764578816958,0.79648441,6.5538635,0.1994468,19,274
85ab,1701764578916978,0.7879715,6.5565629,0.19024657,19,275
85ab,1701764579016968,0.76510459,6.5599041,0.20291913,17,276
85ab,1701764579116995,0.75917304,6.5714726,0.19561501,20,277
85ab,1701764579217119,0.7251063,6.5664368,0.1853275,18,278
85ab,1701764579317062,0.73141533,6.5740085,0.18352215,19,279
85ab,1701764579416971,0.71058428,6.5780845,0.17372023,19,280
85ab,1701764579517090,0.70402694,6.571981,0.18168804,17,281
85ab,1701764579616979,0.73301333,6.5775633,0.1955049,19,282
85ab,1701764579716981,0.73247319,6.5828552,0.19452342,19,283
85ab,1701764579816956,0.73543072,6.5903687,0.19424674,20,284
85ab,1701764579916984,0.70769507,6.5956578,0.18791357,19,285
85ab,1701764580016946,0.71314657,6.5859818,0.18062763,18,286